,Date,CPIAUCSL,GDP,CORESTICKM159SFRBATL,PCE,UNRATE,WM2NS
260,1980-12-01,86.4,3077.989666666667,12.685251999,1851.7,7.2,1603.1400000000000000
261,1981-04-01,89.1,3162.532,9.710596634,1904.4,7.2,1665.5750000000000000
262,1981-05-01,89.7,3195.2243333333336,9.603160634,1913.8,7.5,1655.1500000000000000
263,1981-06-01,90.5,3227.9166666666665,9.212167638,1934.5,7.5,1664.5000000000000000
264,1981-07-01,91.5,3260.609,11.238230349,1942.1,7.2,1685.2250000000000000
265,1981-09-01,93.1,3274.081666666667,12.228963711,1965.5,7.6,1706.1500000000000000
266,1981-10-01,93.4,3280.818,11.266251913,1963.9,7.9,1725.4500000000000000
267,1981-12-01,94.1,3276.474,9.855791699,1988.8,8.5,1759.1750000000000000
268,1982-02-01,94.7,3293.5253333333335,9.539828014,2021.2,8.9,1764.7000000000000000
269,1982-03-01,94.7,3312.748666666667,8.890430545,2024.1,9.0,1777.7000000000000000
270,1982-04-01,95.0,3331.972,9.081124943,2026.3,9.3,1809.5000000000000000
271,1982-06-01,97.0,3354.8720000000003,8.878235542,2048.1,9.6,1822.5750000000000000
272,1982-07-01,97.5,3366.322,7.889386151,2072.2,9.8,1834.9000000000000000
273,1982-09-01,97.7,3390.4813333333336,5.979568161,2104.6,10.1,1858.9500000000000000
274,1982-10-01,98.1,3402.561,5.978948458,2125.8,10.4,1873.8000000000000000
275,1982-11-01,98.0,3426.1783333333333,5.304532965,2149.3,10.8,1887.4200000000000000
276,1982-12-01,97.7,3449.795666666667,4.248605204,2161.6,10.8,1909.9250000000000000
277,1983-02-01,98.0,3508.558,4.356216055,2177.0,10.4,1985.7500000000000000
278,1983-03-01,98.1,3543.703,4.586331541,2202.8,10.3,2008.6500000000000000
279,1983-06-01,99.4,3652.402,2.582464401,2276.0,10.1,2051.8750000000000000
280,1983-07-01,99.8,3689.179,2.370321394,2304.4,9.4,2068.8750000000000000
281,1983-08-01,100.1,3724.3546666666666,2.293245829,2320.4,9.5,2071.1200000000000000
282,1983-09-01,100.4,3759.5303333333336,2.688915363,2334.9,9.2,2080.5500000000000000
283,1983-11-01,101.1,3832.4886666666666,3.496604743,2366.3,8.5,2117.8000000000000000
284,1983-12-01,101.4,3870.2713333333336,4.455576949,2393.6,8.3,2130.9750000000000000
285,1984-02-01,102.6,3941.9030000000002,4.509240951,2403.5,7.8,2147.1500000000000000
286,1984-03-01,102.9,3975.752,4.638826514,2431.6,7.8,2166.2500000000000000
287,1984-05-01,103.5,4034.484,4.693964637,2474.5,7.4,2190.5750000000000000
288,1984-06-01,103.7,4059.367,4.773046608,2495.6,7.2,2212.9250000000000000
289,1984-08-01,104.4,4105.683666666667,5.017877611,2512.2,7.5,2229.1000000000000000
290,1984-10-01,105.1,4148.551,5.086232886,2531.3,7.4,2256.1800000000000000
291,1984-11-01,105.3,4175.756666666667,4.951399759,2571.4,7.2,2284.3750000000000000
292,1985-02-01,106.3,4251.741,4.860092398,2640.8,7.2,2341.6500000000000000
293,1985-03-01,106.8,4273.313999999999,4.95037523,2648.5,7.2,2357.5750000000000000
294,1985-04-01,107.0,4294.887,4.742850309,2659.5,7.3,2377.5600000000000000
295,1985-05-01,107.2,4325.515666666666,5.02421107,2696.4,7.2,2374.6500000000000000
296,1985-07-01,107.7,4386.773,4.934458147,2715.7,7.4,2431.9600000000000000
297,1985-08-01,107.9,4405.88,4.931448285,2752.1,7.1,2442.2000000000000000
298,1985-10-01,108.5,4444.094,4.87735108,2755.8,7.1,2466.9000000000000000
299,1985-11-01,109.0,4465.3606666666665,5.134382326,2771.1,7.0,2479.0000000000000000
300,1986-04-01,108.7,4545.34,5.352667382,2835.2,7.1,2565.7750000000000000
301,1986-05-01,109.0,4566.116333333333,5.024657147,2857.5,7.2,2568.2500000000000000
302,1986-07-01,109.5,4607.669,4.960427947,2881.2,7.0,2633.0000000000000000
303,1986-08-01,109.6,4624.321666666667,4.823456322,2898.6,6.9,2644.4250000000000000
304,1986-10-01,110.2,4657.627,4.881662479,2932.9,7.0,2684.6500000000000000
305,1986-12-01,110.8,4700.646333333333,4.654910621,2997.1,6.6,2733.5200000000000000
306,1987-04-01,112.7,4806.16,4.371203735,3038.8,6.3,2781.6250000000000000
307,1987-05-01,113.0,4832.291666666667,4.429512321,3048.4,6.3,2758.2750000000000000
308,1987-06-01,113.5,4858.423333333333,4.187984457,3072.8,6.2,2771.0200000000000000
309,1987-07-01,113.8,4884.555,4.178766144,3094.7,6.1,2787.1500000000000000
310,1987-09-01,114.7,4966.847666666667,4.305931321,3126.5,5.9,2793.5500000000000000
311,1987-10-01,115.0,5007.994,4.356981982,3134.5,6.0,2810.6750000000000000
312,1987-12-01,115.6,5051.579333333333,4.291749243,3174.1,5.7,2837.1000000000000000
313,1988-02-01,116.2,5112.26,4.375628463,3221.4,5.7,2855.7200000000000000
314,1988-03-01,116.5,5151.148,4.440936865,3260.5,5.7,2885.3250000000000000
315,1988-06-01,118.0,5251.902,4.673118224,3318.5,5.4,2935.1250000000000000
316,1988-07-01,118.5,5282.835,4.70086963,3342.7,5.4,2954.0000000000000000
317,1988-08-01,119.0,5321.726333333333,4.674256215,3368.0,5.6,2948.7400000000000000
318,1988-09-01,119.5,5360.617666666667,4.721200474,3375.0,5.4,2951.1500000000000000
319,1988-11-01,120.3,5436.757,4.742903047,3430.2,5.3,2982.8250000000000000
320,1988-12-01,120.7,5474.005,4.790034691,3459.7,5.3,2997.3750000000000000
321,1989-02-01,121.6,5544.989666666666,4.783533199,3488.0,5.2,2982.0250000000000000
322,1989-03-01,122.2,5578.726333333333,4.750414948,3498.8,5.0,2998.3750000000000000
323,1989-05-01,123.7,5640.097,4.742747969,3551.8,5.2,2995.5400000000000000
324,1989-06-01,124.1,5667.731,4.74510822,3566.6,5.3,3021.3000000000000000
325,1989-08-01,124.5,5712.655666666667,4.854148787,3620.6,5.2,3071.6000000000000000
326,1989-09-01,124.8,5729.946333333333,4.669891213,3621.9,5.3,3084.8750000000000000
327,1989-11-01,125.9,5789.058333333333,4.797568826,3643.3,5.4,3135.6500000000000000
328,1989-12-01,126.3,5830.879666666667,4.829006386,3684.2,5.4,3159.1500000000000000
329,1990-02-01,128.0,5901.81,4.91755923,3728.2,5.3,3169.1750000000000000
330,1990-03-01,128.6,5930.919,5.19152475,3754.9,5.2,3189.8750000000000000
331,1990-05-01,129.1,5978.390666666667,5.166732439,3775.8,5.4,3186.1500000000000000
332,1990-06-01,129.9,5996.753333333333,5.370697673,3804.5,5.2,3209.0500000000000000
333,1990-08-01,131.6,6011.655,5.836270781,3848.3,5.7,3238.6000000000000000
334,1990-10-01,133.4,6004.733,5.798506168,3870.6,5.9,3251.7600000000000000
335,1990-11-01,133.7,6014.881333333334,5.683108196,3871.9,6.2,3265.1000000000000000
336,1991-02-01,134.8,6065.739333333333,5.8623588,3866.7,6.6,3293.7000000000000000
337,1991-03-01,134.8,6096.300666666667,5.474284579,3913.0,6.8,3322.1500000000000000
338,1991-04-01,135.1,6126.862,5.276160434,3907.1,6.7,3347.9800000000000000
339,1991-05-01,135.6,6153.220333333334,5.222445891,3933.2,6.9,3329.6750000000000000
340,1991-07-01,136.2,6205.937,4.713410392,3966.0,6.8,3353.2800000000000000
341,1991-08-01,136.6,6225.471333333333,4.393094508,3969.1,6.9,3352.3250000000000000
342,1991-10-01,137.2,6264.54,4.288991989,3976.0,7.0,3355.0250000000000000
343,1991-11-01,137.8,6297.394,4.34967757,4003.6,7.0,3367.7750000000000000
344,1992-04-01,139.4,6470.763,4.066438773,4131.5,7.4,3423.3750000000000000
345,1992-05-01,139.7,6502.722333333333,3.926410529,4158.4,7.6,3388.2250000000000000
346,1992-06-01,140.1,6534.681666666666,3.860188559,4177.1,7.8,3387.4600000000000000
347,1992-07-01,140.5,6566.641,3.769367667,4204.8,7.7,3394.8750000000000000
348,1992-09-01,141.1,6642.749,3.349237754,4255.3,7.6,3402.0750000000000000
349,1992-10-01,141.7,6680.803,3.6359146,4284.7,7.3,3417.1500000000000000
350,1992-12-01,142.3,6713.240333333333,3.478262556,4336.4,7.4,3441.2500000000000000
351,1993-02-01,143.1,6755.952333333334,3.561853788,4355.3,7.1,3398.6250000000000000
352,1993-03-01,143.3,6782.4456666666665,3.334428143,4352.5,7.0,3407.4200000000000000
353,1993-04-01,143.8,6808.939,3.404237829,4393.4,7.1,3433.1000000000000000
354,1993-06-01,144.3,6857.711666666667,3.569326945,4440.0,7.0,3440.5500000000000000
355,1993-07-01,144.5,6882.098,3.422616714,4468.9,6.9,3444.0750000000000000
356,1993-09-01,145.0,6969.858,3.642383692,4511.5,6.7,3445.2250000000000000
357,1993-10-01,145.6,7013.738,3.424737275,4532.8,6.8,3451.7500000000000000
358,1993-11-01,146.0,7047.709333333333,3.436277096,4554.1,6.6,3469.2200000000000000
359,1993-12-01,146.3,7081.680666666667,3.548475916,4571.1,6.5,3494.6750000000000000
360,1994-02-01,146.7,7159.411666666667,3.415920384,4632.6,6.6,3459.6750000000000000
361,1994-03-01,147.1,7203.171333333333,3.570150943,4646.0,6.5,3476.9750000000000000
362,1994-06-01,147.9,7303.027,3.194738495,4708.9,6.1,3478.8750000000000000
363,1994-07-01,148.4,7331.075,3.233880147,4720.6,6.1,3492.1750000000000000
364,1994-08-01,149.0,7372.479333333333,3.306714086,4762.6,6.0,3481.5000000000000000
365,1994-09-01,149.3,7413.883666666667,3.254281644,4775.0,5.9,3479.3750000000000000
366,1994-11-01,149.8,7477.621666666666,3.128282179,4825.6,5.6,3492.0000000000000000
367,1994-12-01,150.1,7499.955333333333,2.901446577,4841.6,5.5,3506.8750000000000000
368,1995-02-01,150.9,7541.858333333334,3.124100115,4850.8,5.4,3474.6750000000000000
369,1995-03-01,151.2,7561.4276666666665,3.167481169,4885.4,5.4,3491.2000000000000000
370,1995-05-01,152.1,7615.039666666667,3.355294523,4933.1,5.6,3502.5800000000000000
371,1995-06-01,152.4,7649.082333333334,3.332283478,4977.5,5.6,3544.8000000000000000
372,1995-08-01,152.9,7712.945333333333,3.23814109,5005.3,5.7,3585.8750000000000000
373,1995-09-01,153.1,7742.765666666667,3.351697522,5020.5,5.6,3596.4000000000000000
374,1995-11-01,153.7,7804.546666666667,3.37996065,5055.6,5.6,3622.8250000000000000
375,1995-12-01,153.9,7836.507333333333,3.379829487,5097.5,5.6,3648.1500000000000000
376,1996-02-01,155.0,7923.258666666667,3.259936249,5132.8,5.5,3644.8000000000000000
377,1996-03-01,155.5,7978.049333333333,3.134500987,5173.3,5.5,3689.0750000000000000
378,1996-04-01,156.1,8032.84,3.004778103,5208.0,5.6,3717.4600000000000000
379,1996-05-01,156.4,8065.696,3.047772222,5223.8,5.6,3689.2250000000000000
380,1996-07-01,157.0,8131.408,3.087421545,5251.9,5.5,3730.0800000000000000
381,1996-08-01,157.2,8174.195666666667,3.083473301,5275.0,5.1,3742.8250000000000000
382,1996-10-01,158.2,8259.771,2.943741816,5328.5,5.2,3759.3500000000000000
383,1996-11-01,158.7,8294.065666666667,2.980390413,5351.2,5.4,3790.2500000000000000
384,1997-04-01,159.9,8518.825,2.910920374,5459.3,5.1,3910.3500000000000000
385,1997-05-01,159.9,8566.824333333334,2.870203143,5460.2,4.9,3866.4500000000000000
386,1997-07-01,160.4,8662.823,2.752239262,5548.8,4.9,3919.5250000000000000
387,1997-08-01,160.8,8697.184333333333,2.653670773,5587.0,4.8,3948.2000000000000000
388,1997-10-01,161.5,8765.907,2.618900715,5637.7,4.7,3977.6750000000000000
389,1997-12-01,161.8,8832.955666666667,2.621535622,5692.1,4.7,4049.2800000000000000
390,1998-04-01,162.2,8969.699,2.640497846,5788.1,4.3,4181.9500000000000000
391,1998-05-01,162.6,9020.165,2.611332031,5837.9,4.4,4138.7500000000000000
392,1998-06-01,162.8,9070.631,2.600204475,5871.7,4.5,4169.3600000000000000
393,1998-07-01,163.2,9121.097,2.603335947,5890.0,4.5,4195.3500000000000000
394,1998-09-01,163.5,9236.359666666667,2.594217982,5965.6,4.6,4255.1250000000000000
395,1998-10-01,163.9,9293.991,2.535056337,5998.8,4.5,4287.5750000000000000
396,1998-12-01,164.4,9372.451666666668,2.437823,6070.5,4.4,4398.1250000000000000
397,1999-02-01,164.7,9449.858,2.316234,6099.2,4.4,4410.9500000000000000
398,1999-03-01,164.8,9488.034,2.237507,6133.0,4.2,4448.4000000000000000
399,1999-04-01,165.9,9526.21,2.226592,6199.5,4.3,4510.9250000000000000
400,1999-06-01,166.0,9633.154,2.070264,6260.3,4.3,4495.8500000000000000
401,1999-07-01,166.7,9686.626,2.111144,6287.6,4.3,4520.0750000000000000
402,1999-09-01,167.8,9828.988,2.070746,6386.5,4.2,4556.2750000000000000
403,1999-10-01,168.1,9900.169,2.04962,6411.4,4.1,4572.6500000000000000
404,1999-11-01,168.4,9934.172333333334,2.147821,6448.7,4.1,4603.8000000000000000
405,1999-12-01,168.8,9968.175666666666,2.167848,6541.0,4.0,4661.4000000000000000
406,2000-02-01,170.0,10084.026,2.379221,6625.3,4.1,4675.1750000000000000
407,2000-03-01,171.0,10165.873,2.483286,6686.5,4.0,4732.8750000000000000
408,2000-05-01,171.2,10271.201666666666,2.558647,6709.7,4.0,4733.5600000000000000
409,2000-06-01,172.2,10294.683333333334,2.701492,6746.9,4.0,4761.3000000000000000
410,2000-08-01,172.7,10357.358,2.874818,6802.8,4.1,4807.1750000000000000
411,2000-09-01,173.6,10396.551000000001,2.897082,6888.6,3.9,4840.8500000000000000
412,2000-11-01,174.2,10447.239666666666,2.870145,6909.8,3.9,4883.9250000000000000
413,2000-12-01,174.6,10458.735333333334,2.972089,6952.2,3.9,4941.7750000000000000
414,2001-02-01,176.0,10513.154,2.979742,7001.8,4.2,5005.1250000000000000
415,2001-03-01,176.1,10556.077,2.961886,6996.7,4.3,5091.8750000000000000
416,2001-05-01,177.3,10598.673333333334,3.07401,7052.8,4.3,5113.3000000000000000
417,2001-06-01,177.7,10598.346666666666,3.200619,7069.7,4.5,5166.0750000000000000
418,2001-08-01,177.4,10618.835000000001,3.251713,7121.7,4.9,5231.1250000000000000
419,2001-10-01,177.6,10660.465,3.484066,7212.9,5.3,5323.0400000000000000
420,2001-11-01,177.5,10701.476666666667,3.601999,7182.3,5.5,5386.4750000000000000
421,2002-02-01,178.0,10818.153333333334,3.527436,7225.2,5.7,5471.2750000000000000
422,2002-03-01,178.5,10852.806666666665,3.46848,7243.4,5.7,5519.1750000000000000
423,2002-04-01,179.3,10887.46,3.465822,7312.5,5.9,5540.8000000000000000
424,2002-05-01,179.5,10919.653333333334,3.452132,7288.9,5.8,5505.8500000000000000
425,2002-07-01,180.0,10984.04,3.263706,7387.3,5.8,5576.4800000000000000
426,2002-08-01,180.5,11009.837666666668,3.146595,7412.6,5.7,5627.2250000000000000
427,2002-10-01,181.2,11061.433,2.937194,7435.2,5.7,5691.2000000000000000
428,2002-11-01,181.5,11098.998333333335,2.824322,7463.8,5.9,5754.7000000000000000
429,2003-04-01,183.2,11312.766,2.450573,7634.5,6.0,5947.0750000000000000
430,2003-05-01,182.9,11397.400333333333,2.338588,7650.3,6.1,5942.0500000000000000
431,2003-07-01,183.7,11566.669,2.228217,7757.0,6.2,6041.3500000000000000
432,2003-08-01,184.5,11635.190666666667,2.155287,7852.1,6.1,6098.3000000000000000
433,2003-10-01,184.9,11772.234,2.150681,7867.4,6.0,6058.0250000000000000
434,2003-12-01,185.5,11873.042666666666,1.967767,7950.4,5.7,6102.5400000000000000
435,2004-03-01,187.1,12049.692333333334,2.126567,8098.8,5.8,6163.6800000000000000
436,2004-04-01,187.4,12112.815,2.247883,8107.2,5.6,6247.8750000000000000
437,2004-06-01,188.9,12241.143,2.370793,8157.6,5.6,6281.2000000000000000
438,2004-07-01,189.1,12305.307,2.254997,8236.9,5.5,6287.5500000000000000
439,2004-09-01,189.8,12453.245,2.23192,8341.5,5.4,6344.2500000000000000
440,2004-10-01,190.8,12527.214,2.229333,8397.1,5.5,6358.2000000000000000
441,2004-11-01,191.7,12607.238,2.293797,8444.5,5.4,6401.8000000000000000
442,2004-12-01,191.7,12687.262,2.304188,8504.4,5.4,6454.9000000000000000
443,2005-02-01,192.4,12819.076000000001,2.279146,8559.1,5.4,6411.9500000000000000
444,2005-03-01,193.1,12870.866,2.238654,8598.4,5.2,6470.6750000000000000
445,2005-04-01,193.7,12922.656,2.231837,8678.4,5.2,6524.7250000000000000
446,2005-06-01,193.7,13069.313333333334,2.191008,8753.4,5.0,6519.8500000000000000
447,2005-07-01,194.9,13142.642,2.292571,8853.8,5.0,6535.2000000000000000
448,2005-08-01,196.1,13203.162666666667,2.256804,8850.1,4.9,6555.1200000000000000
449,2005-09-01,198.8,13263.683333333332,2.326514,8900.4,5.0,6595.1500000000000000
450,2005-11-01,198.1,13415.856,2.424911,8946.2,5.0,6661.9750000000000000
451,2005-12-01,198.1,13507.508,2.463042,8981.1,4.9,6708.5250000000000000
452,2006-02-01,199.4,13650.581333333334,2.492938,9096.0,4.8,6727.1250000000000000
453,2006-03-01,199.7,13702.002666666667,2.575349,9132.9,4.7,6801.2250000000000000
454,2006-05-01,201.3,13792.345333333335,2.778406,9231.8,4.6,6800.8000000000000000
455,2006-06-01,201.8,13831.266666666666,3.029284,9259.6,4.6,6858.8750000000000000
456,2006-08-01,203.8,13926.645333333334,3.219901,9342.2,4.7,6901.1250000000000000
457,2006-09-01,202.8,13983.102666666666,3.207054,9375.4,4.5,6928.4000000000000000
458,2006-11-01,202.0,14098.257,3.141252,9400.2,4.5,7033.3750000000000000
459,2006-12-01,203.1,14156.954,3.1159,9488.3,4.4,7094.9500000000000000
460,2007-02-01,204.226,14277.794666666667,3.152428,9566.0,4.5,7114.9250000000000000
461,2007-03-01,205.288,14339.938333333334,3.099888,9611.7,4.4,7203.2000000000000000
462,2007-05-01,206.755,14456.093666666668,2.774199,9685.8,4.4,7250.0750000000000000
463,2007-06-01,207.234,14510.105333333333,2.621714,9706.8,4.6,7292.2250000000000000
464,2007-08-01,207.667,14614.430666666667,2.459164,9798.9,4.6,7354.8250000000000000
465,2007-10-01,209.19,14715.058,2.494632,9882.7,4.7,7382.1400000000000000
466,2007-11-01,210.834,14712.218,2.64947,9955.9,4.7,7444.1500000000000000
467,2008-02-01,212.687,14759.592333333334,2.617738,9981.7,4.9,7585.3000000000000000
468,2008-04-01,213.942,14865.701,2.725505,10070.3,5.0,7789.4250000000000000
469,2008-05-01,215.208,14876.800333333333,2.793043,10132.3,5.4,7717.7250000000000000
470,2008-07-01,219.016,14898.999,3.010504,10185.1,5.8,7764.3000000000000000
471,2008-08-01,218.69,14802.069,3.080765,10175.7,6.1,7760.5250000000000000
472,2008-10-01,216.995,14608.209,2.922213,10034.1,6.5,7932.9750000000000000
473,2008-12-01,211.398,14490.004333333334,2.614507,9801.5,7.3,8213.6600000000000000
474,2009-04-01,212.709,14381.236,2.359914,9772.5,9.0,8468.3000000000000000
475,2009-05-01,213.022,14403.784666666666,2.273815,9791.6,9.4,8440.8250000000000000
476,2009-06-01,214.79,14426.333333333334,2.078063,9852.4,9.5,8458.5800000000000000
477,2009-07-01,214.726,14448.882,1.910212,9886.3,9.5,8430.0000000000000000
478,2009-09-01,215.861,14583.793333333333,1.602846,9927.8,9.8,8415.0250000000000000
479,2009-10-01,216.509,14651.249,1.509202,9976.7,10.0,8439.4500000000000000
480,2009-12-01,217.347,14726.823,1.318775,10052.6,9.9,8563.1500000000000000
481,2010-02-01,217.281,14836.471,1.048684,10093.4,9.8,8508.1250000000000000
482,2010-03-01,217.353,14908.332,0.9255024,10156.0,9.9,8585.7600000000000000
483,2010-04-01,217.403,14980.193,0.869413,10182.3,9.9,8631.5750000000000000
484,2010-06-01,217.199,15087.802333333333,0.7780127,10231.3,9.4,8628.0750000000000000
485,2010-07-01,217.605,15141.607,0.7440706,10268.1,9.4,8598.9000000000000000
486,2010-09-01,218.275,15253.518333333333,0.6638685,10327.1,9.5,8669.3750000000000000
487,2010-10-01,219.035,15309.474,0.6723344,10386.4,9.4,8722.8750000000000000
488,2010-11-01,219.59,15323.465333333334,0.8233069,10433.6,9.8,8781.4200000000000000
489,2010-12-01,220.472,15337.456666666667,0.8307821,10471.0,9.3,8873.4500000000000000
490,2011-02-01,221.898,15420.145,1.117829,10540.6,9.0,8909.5000000000000000
491,2011-03-01,223.046,15488.842,1.179972,10619.7,9.0,9022.7750000000000000
492,2011-04-01,224.093,15557.539,1.210295,10652.1,9.1,9089.7000000000000000
493,2011-06-01,224.806,15617.633,1.29395,10694.8,9.1,9128.6750000000000000
494,2011-07-01,225.395,15647.68,1.41844,10731.6,9.0,9260.2750000000000000
495,2011-08-01,226.106,15712.539666666667,1.651442,10750.3,9.0,9463.1200000000000000
496,2011-09-01,226.597,15777.399333333333,1.721515,10783.2,9.0,9514.8250000000000000
497,2011-11-01,227.169,15917.774333333333,1.835434,10806.8,8.6,9650.0000000000000000
498,2011-12-01,227.223,15993.289666666667,2.045078,10817.8,8.5,9726.8750000000000000
499,2012-02-01,228.329,16114.908333333333,2.01608,10987.2,8.3,9798.1000000000000000
500,2012-03-01,228.807,16161.011666666667,2.122799,10993.9,8.2,9907.8500000000000000
501,2012-05-01,228.713,16244.590333333334,2.188203,11006.8,8.2,9897.6500000000000000
502,2012-06-01,228.524,16282.065666666665,2.238927,10989.8,8.2,9964.3250000000000000
503,2012-08-01,229.918,16353.167,2.17107,11056.0,8.1,10078.2250000000000000
504,2012-10-01,231.638,16420.419,2.206525,11137.4,7.8,10243.7200000000000000
505,2012-11-01,231.249,16496.342333333334,2.195661,11178.4,7.7,10355.2250000000000000
506,2013-02-01,232.937,16675.021666666667,2.143683,11290.5,7.7,10485.8500000000000000
507,2013-03-01,232.282,16701.854333333333,2.096923,11290.1,7.5,10609.9750000000000000
508,2013-04-01,231.797,16728.687,1.932255,11281.1,7.6,10682.3000000000000000
509,2013-05-01,231.893,16803.737333333334,1.905048,11321.6,7.5,10589.0000000000000000
510,2013-07-01,232.9,16953.838,1.865294,11372.6,7.3,10690.4200000000000000
511,2013-08-01,233.456,17033.231666666667,1.911745,11406.6,7.2,10743.8500000000000000
512,2013-10-01,233.669,17192.019,1.866698,11498.0,7.2,10945.3750000000000000
513,2013-11-01,234.1,17193.925333333333,1.890963,11562.5,6.9,10978.7250000000000000
514,2014-04-01,236.468,17518.508,2.025724,11762.3,6.2,11348.8000000000000000
515,2014-05-01,236.918,17613.748,2.127518,11807.3,6.3,11275.2500000000000000
516,2014-07-01,237.498,17804.228,2.098319,11904.4,6.2,11401.9750000000000000
517,2014-08-01,237.46,17840.178333333333,1.959017,11983.7,6.1,11429.7500000000000000
518,2014-10-01,237.43,17912.079,2.001463,12064.7,5.7,11552.1500000000000000
519,2014-12-01,236.252,18013.045666666665,1.961226,12096.1,5.6,11748.9600000000000000
520,2015-04-01,236.222,18279.784,2.05371,12209.1,5.4,12032.3250000000000000
521,2015-05-01,237.001,18320.398,2.056561,12275.4,5.6,11908.3250000000000000
522,2015-06-01,237.657,18361.012,2.103732,12307.9,5.3,11963.3000000000000000
523,2015-07-01,238.034,18401.626,2.130475,12364.9,5.2,12027.1500000000000000
524,2015-09-01,237.498,18423.966666666667,2.268536,12386.4,5.0,12148.5750000000000000
525,2015-10-01,237.733,18435.137,2.335492,12394.9,5.0,12168.0750000000000000
526,2015-12-01,237.761,18495.667666666668,2.437497,12452.0,5.0,12433.6500000000000000
527,2016-02-01,237.336,18587.856,2.538253,12554.5,4.9,12516.360000000000
528,2016-03-01,238.08,18649.779000000002,2.526214,12537.0,5.0,12689.900000000000
529,2016-04-01,238.992,18711.702,2.53143,12611.5,5.1,12802.475000000000
530,2016-06-01,240.222,18832.326666666668,2.563629,12731.2,4.9,12798.350000000000
531,2016-07-01,240.101,18892.639,2.569655,12756.7,4.8,12853.500000000000
532,2016-08-01,240.545,18958.219,2.716347,12788.1,4.9,12944.620000000000
533,2016-09-01,241.176,19023.799,2.624799,12846.6,5.0,13022.600000000000
534,2016-11-01,242.026,19152.947333333334,2.518564,12893.0,4.7,13193.475000000000
535,2016-12-01,242.637,19216.515666666666,2.585286,13005.9,4.7,13287.475000000000
536,2017-02-01,244.006,19332.936999999998,2.664566,13088.4,4.6,13302.775000000000
537,2017-03-01,243.892,19385.79,2.436586,13139.9,4.4,13483.800000000000
538,2017-05-01,244.004,19523.29366666667,2.139634,13171.9,4.4,13470.380000000000
539,2017-06-01,244.163,19607.944333333333,2.122109,13225.2,4.3,13524.625000000000
540,2017-08-01,245.183,19807.426,2.075047,13294.6,4.4,13659.075000000000
541,2017-09-01,246.435,19922.257,2.091354,13417.3,4.3,13705.425000000000
542,2017-11-01,247.284,20134.243,2.099803,13540.6,4.2,13825.200000000000
543,2017-12-01,247.805,20231.398,2.117186,13666.1,4.1,13935.800000000000
544,2018-02-01,249.529,20412.672666666665,2.123101,13738.7,4.1,13847.275000000000
545,2018-03-01,249.577,20496.792333333335,2.366925,13793.2,4.0,14013.900000000000
546,2018-05-01,250.792,20653.518,2.543212,13905.0,3.8,13984.875000000000
547,2018-06-01,251.018,20726.124,2.551897,13930.4,4.0,14076.975000000000
548,2018-08-01,251.663,20838.442333333332,2.432443,14014.0,3.8,14173.475000000000
549,2018-10-01,252.772,20917.867,2.415236,14083.1,3.8,14213.260000000000
550,2018-11-01,252.594,20982.444666666666,2.476418,14162.9,3.8,14255.675000000000
551,2019-02-01,253.319,21207.046,2.375943,14117.4,3.8,14403.975000000000
552,2019-03-01,254.277,21302.492,2.356946,14248.6,3.8,14563.675000000000
553,2019-04-01,255.233,21397.938,2.392773,14290.0,3.7,14645.520000000000
554,2019-05-01,255.296,21504.349,2.360903,14353.3,3.6,14578.400000000000
555,2019-07-01,255.802,21717.171,2.475923,14496.0,3.7,14819.600000000000
556,2019-08-01,256.036,21789.18633333333,2.630398,14558.2,3.6,14907.150000000000
557,2019-10-01,257.155,21933.217,2.747596,14617.4,3.6,15128.250000000000
558,2019-11-01,257.879,21864.697,2.772021,14711.0,3.6,15259.200000000000
559,2020-04-01,256.126,19935.444,2.179323,12234.4,14.8,17063.000000000000
560,2020-05-01,255.848,20518.479666666666,2.01414,13251.7,13.2,17715.875000000000
561,2020-06-01,257.004,21101.515333333333,1.993544,14040.8,11.0,18078.580000000000
562,2020-07-01,258.408,21684.551,2.281283,14303.8,10.2,18275.250000000000
563,2020-09-01,259.951,21940.695,1.980283,14675.4,7.8,18551.575000000000
564,2020-10-01,260.249,22068.767,1.747303,14726.0,6.8,18666.800000000000
565,2020-12-01,262.005,22460.784333333333,1.600671,14827.3,6.7,19232.175000000000
566,2021-02-01,263.583,22894.149,1.405123,14984.4,6.2,19464.050000000000
567,2021-03-01,264.91,23131.505,1.592366,15712.4,6.1,19862.260000000000
568,2021-04-01,266.752,23368.861,2.209393,15915.0,6.1,20257.775000000000
569,2021-06-01,270.664,23737.614333333335,2.558145,16183.6,5.9,20409.675000000000
570,2021-07-01,271.994,23921.991,2.323597,16223.5,5.4,20553.275000000000
571,2021-09-01,273.887,24492.022333333334,2.610662,16477.5,4.7,20922.150000000000
572,2021-10-01,276.434,24777.038,3.007604,16694.0,4.5,21077.350000000000
573,2021-11-01,278.799,24923.189000000002,3.184384,16849.0,4.1,21302.100000000000
574,2021-12-01,280.808,25069.34,3.456458,16905.5,3.9,21642.175000000000
575,2022-02-01,284.535,25412.25766666667,4.280304,17136.1,3.8,21591.175000000000
576,2022-03-01,287.553,25609.024333333335,4.534344,17371.4,3.6,21848.225000000000
577,2022-04-01,288.764,25805.791,4.703935,17493.8,3.7,21909.950000000000
578,2022-06-01,294.996,26116.604333333333,5.39633,17747.6,3.6,21575.575000000000
579,2022-07-01,294.977,26272.011,5.59073,17744.0,3.5,21575.950000000000
580,2022-08-01,295.209,26426.099666666665,5.951312,17897.5,3.6,21553.540000000000
581,2022-09-01,296.341,26580.18833333333,6.348017,17987.2,3.5,21476.575000000000
582,2022-11-01,298.648,26877.637666666666,6.422543,18094.0,3.6,21368.600000000000
583,2022-12-01,298.812,27020.998333333333,6.538167,18134.6,3.5,21406.975000000000
584,2023-02-01,301.509,27260.844333333334,6.525,18532.1,3.6,21106.575000000000
585,2023-03-01,301.744,27357.329666666665,6.390946,18511.3,3.5,21027.025000000000
586,2023-05-01,303.365,27625.109,5.975255,18676.4,3.7,20667.500000000000
587,2023-06-01,304.003,27796.403,5.586684,18742.1,3.6,20725.700000000000
588,2023-08-01,306.187,28077.453666666668,5.172225,18911.6,3.8,20663.975000000000
589,2023-09-01,307.288,28187.210333333333,4.95977,19024.9,3.8,20644.425000000000
590,2023-11-01,308.024,28406.001,4.688293,19151.0,3.7,20661.125000000000
591,2023-12-01,308.742,28515.035,4.554396,19289.9,3.7,20818.000000000000
592,2024-02-01,311.054,28754.950666666668,4.403102398,19412.7,3.9,20754.950000000000
593,2024-03-01,312.23,28885.832333333332,4.509212494,19553.2,3.8,20961.200000000000
594,2024-04-01,313.207,29016.714,4.412394524,19603.3,3.9,21012.880000000000
595,2024-05-01,313.225,29129.249666666667,4.302023411,19697.3,4.0,20834.475000000000
596,2024-07-01,313.534,29354.321,4.164950848,19859.3,4.3,20960.100000000000
